{
    "condition": "alternative",
    "terms": [
        {
            "condition": "reference",
            "name": "dream:if_entity/in_sweetdream_b"
        },
        {
            "condition": "reference",
            "name": "dream:if_entity/in_pinkplain"
        },
        {
            "condition": "reference",
            "name": "dream:if_entity/in_pinkplain"
        },
        {
            "condition": "reference",
            "name": "dream:if_entity/in_stoneshore"
        },
        {
            "condition": "reference",
            "name": "dream:if_entity/in_scarlet"
        },
        {
            "condition": "reference",
            "name": "dream:if_entity/in_deepdeepdark"
        },
        {
            "condition": "reference",
            "name": "dream:if_entity/in_stoneshore"
        }
    ]
}