{
    "display": {
        "icon": {
            "item": "minecraft:carrot_on_a_stick",
            "nbt": "{CustomModelData:120006}"
        },
        "title": {"translate":"dream.advancement.beta.dimension_traveller.title"},
        "description": {"translate":"dream.advancement.beta.dimension_traveller.disc"},
        "frame": "task",
        "hidden": true
    },
    "criteria": {
        "a":{
            "trigger": "minecraft:impossible"
        }
    },
    "parent": "dream:alpha/head_in_the_cloud"
}