{
    "display": {
        "icon": {
            "item": "minecraft:nether_star",
            "nbt": "{CustomModelData:120001}"
        },
        "title": {"translate":"dream.advancement.beta.is_it_the_end.title"},
        "description": {"translate":"dream.advancement.beta.is_it_the_end.disc"},
        "frame": "task",
        "hidden": true
    },
    "criteria": {
        "a":{
            "trigger": "minecraft:changed_dimension",
            "conditions": {
                "from": "dream:choas",
                "to": "dream:the_end_of_dream"
            }
        }
    },
    "parent": "dream:beta/black_hole"
}