{
    "display": {
        "icon": {
            "item": "minecraft:glowstone_dust",
            "nbt": "{CustomModelData:120001}"
        },
        "title": {"translate":"dream.advancement.beta.the_hidden_reality.title"},
        "description": {"translate":"dream.advancement.beta.the_hidden_reality.disc"},
        "frame": "task",
        "hidden": true
    },
    "criteria": {
        "a":{
            "trigger": "minecraft:impossible"
        }
    },
    "parent": "dream:beta/back_to_overworld"
}