{
    "type": "dream:choas",
    "generator": {
        "type": "minecraft:noise",
        "seed": 0,
        "settings": "dream:choas",
        "biome_source": {
            "type": "minecraft:multi_noise",
            "min_quart_y":-16,
            "max_quart_y":256,
            "continentalness_noise":{
                "firstOctave":-7,
                "amplitudes":[
                    1,
                    1
                ]
            },
            "erosion_noise":{
                "firstOctave":-7,
                "amplitudes":[
                    1,
                    1
                ]
            },
            "humidity_noise": {
                "firstOctave": -7,
                "amplitudes": [
                    1,
                    1
                ]
            },
            "weirdness_noise": {
                "firstOctave": -7,
                "amplitudes": [
                    1,
                    1
                ]
            },
            "temperature_noise": {
                "firstOctave": -7,
                "amplitudes": [
                    1,
                    1
                ]
            },
            "altitude_noise": {
                "firstOctave": -7,
                "amplitudes": [
                    1,
                    1
                ]
            },
            "biomes": [
                {
                    "biome": "minecraft:plains",
                    "parameters": {
                        "altitude": -0.1,
                        "temperature": 0.1,
                        "humidity": -0.2,
                        "weirdness": 0.2,
                        "offset": 1,
                        "erosion": 0.2,
                        "depth": 0.2,
                        "continentalness": 0.2
                    }
                },
                {
                    "biome": "minecraft:river",
                    "parameters": {
                        "altitude": 0.1,
                        "erosion": 0.2,
                        "depth": 0.2,
                        "continentalness": 0.2,
                        "temperature": -0.2,
                        "humidity": 0.4,
                        "weirdness": -0.3,
                        "offset": 1
                    }
                },
                {
                    "biome": "minecraft:ocean",
                    "parameters": {
                        "altitude": 0.1,
                        "erosion": 0.2,
                        "depth": 0.2,
                        "continentalness": 0.2,
                        "temperature": -0.4,
                        "humidity": 0.2,
                        "weirdness": 0.3,
                        "offset": 1
                    }
                },
                {
                    "biome": "minecraft:forest",
                    "parameters": {
                        "altitude": 0.2,
                        "erosion": 0.2,
                        "depth": 0.2,
                        "continentalness": 0.2,
                        "temperature": -0.5,
                        "humidity": -0.2,
                        "weirdness": 0.2,
                        "offset": 1
                    }
                },
                {
                    "biome": "minecraft:desert",
                    "parameters": {
                        "altitude": 0.1,
                        "erosion": 0.2,
                        "depth": 0.2,
                        "continentalness": 0.2,
                        "temperature": -0.2,
                        "humidity": 0.2,
                        "weirdness": -0.3,
                        "offset": 1
                    }
                },
                {
                    "biome": "minecraft:badlands",
                    "parameters": {
                        "altitude": -0.3,
                        "erosion": 0.2,
                        "depth": 0.2,
                        "continentalness": 0.2,
                        "temperature": 0.1,
                        "humidity": 0.5,
                        "weirdness": 0.4,
                        "offset": 1
                    }
                },
                {
                    "biome": "minecraft:end_highlands",
                    "parameters": {
                        "altitude": 0.1,
                        "erosion": 0.2,
                        "depth": 0.2,
                        "continentalness": 0.2,
                        "temperature": 0.2,
                        "humidity": -0.1,
                        "weirdness": 0,
                        "offset": 1
                    }
                },
                {
                    "biome": "minecraft:nether_wastes",
                    "parameters": {
                        "altitude": 0.0,
                        "erosion": 0.2,
                        "depth": 0.2,
                        "continentalness": 0.2,
                        "temperature": -0.3,
                        "humidity": 0.6,
                        "weirdness": -0.2,
                        "offset": 1
                    }
                },
                {
                    "biome": "minecraft:warped_forest",
                    "parameters": {
                        "altitude": 0.1,
                        "erosion": 0.2,
                        "depth": 0.2,
                        "continentalness": 0.2,
                        "temperature": -0.2,
                        "humidity": -0.6,
                        "weirdness": 0.1,
                        "offset": 1
                    }
                },
                {
                    "biome": "dream:deepdeepdark",
                    "parameters": {
                        "altitude": 0.5,
                        "erosion": 0.2,
                        "depth": 0.2,
                        "continentalness": 0.2,
                        "temperature": -0.5,
                        "humidity": 0,
                        "weirdness": 0,
                        "offset": 1
                    }
                },
                {
                    "biome": "dream:scarlet",
                    "parameters": {
                        "altitude": 0.2,
                        "erosion": 0.2,
                        "depth": 0.2,
                        "continentalness": 0.2,
                        "temperature": 0.2,
                        "humidity": 0.2,
                        "weirdness": 0.2,
                        "offset": 1
                    }
                },
                {
                    "biome": "dream:stoneshore",
                    "parameters": {
                        "altitude": 0.1,
                        "erosion": 0.2,
                        "depth": 0.2,
                        "continentalness": 0.2,
                        "temperature": 0.1,
                        "humidity": 0.1,
                        "weirdness": 0.1,
                        "offset": 1
                    }
                },
                {
                    "biome": "dream:pinkplain",
                    "parameters": {
                        "altitude": -0.1,
                        "erosion": 0.2,
                        "depth": 0.2,
                        "continentalness": 0.2,
                        "temperature": -0.1,
                        "humidity": 0.1,
                        "weirdness": 0.5,
                        "offset": 1
                    }
                },
                {
                    "biome": "dream:slimeland",
                    "parameters": {
                        "altitude": 0.1,
                        "erosion": 0.2,
                        "depth": 0.2,
                        "continentalness": 0.2,
                        "temperature": -0.1,
                        "humidity": 0,
                        "weirdness": 0,
                        "offset": 1
                    }
                },
                {
                    "biome": "dream:sweetdream",
                    "parameters": {
                        "altitude": 0.2,
                        "erosion": 0.2,
                        "depth": 0.2,
                        "continentalness": 0.2,
                        "temperature": 0,
                        "humidity": -0.2,
                        "weirdness": 0,
                        "offset": 1
                    }
                }
            ],
            "seed": 0
        }
    }
}