{
    "type":"dream:sweetdream",
    "generator":{
        "type":"minecraft:noise",
        "seed":0,
        "biome_source":{
            "type":"multi_noise",
            "altitude_noise": {
                "firstOctave": -7,
                "amplitudes": [
                    1,
                    1
                ]
            },
            "humidity_noise": {
                "firstOctave": -7,
                "amplitudes": [
                    1,
                    1
                ]
            },
            "seed": 0,
            "temperature_noise": {
                "firstOctave": -7,
                "amplitudes": [
                    1,
                    1
                ]
            },
            "weirdness_noise": {
                "firstOctave": -7,
                "amplitudes": [
                    1,
                    1
                ]
            },
            "biomes": [
                {
                    "biome": "dream:sweetdream",
                    "parameters": {
                        "altitude": -0.1,
                        "erosion": 0.2,
                        "depth": 0.2,
                        "continentalness": 0.2,
                        "temperature": 0.1,
                        "weirdness": -0.1,
                        "humidity": -0.3,
                        "offset": 0.2
                    }
                },
                {
                    "biome": "dream:slimeland",
                    "parameters": {
                        "altitude": 0.0,
                        "erosion": 0.2,
                        "depth": 0.2,
                        "continentalness": 0.2,
                        "temperature":-0.2,
                        "humidity": -0.1,
                        "weirdness":0.1,
                        "offset": 0.3
                    }
                },
                {
                    "biome": "dream:pinkplain",
                    "parameters": {
                        "altitude": 0.1,
                        "erosion": 0.2,
                        "depth": 0.2,
                        "continentalness": 0.2,
                        "temperature":-0.1,
                        "humidity": 0.1,
                        "weirdness":0.1,
                        "offset": 0.2
                    }
                }
            ]
        },
        "settings": "minecraft:floating_islands"
    }
}