{
    "type": "dream:the_edge_of_dream",
    "generator": {
        "type": "minecraft:flat",
        "settings": {
            "layers": [
                {
                    "block": "minecraft:air",
                    "height": 1
                }
            ],
            "biome": "minecraft:plains",
            "lakes": false,
            "structures": {
                "stronghold": {
                    "count": 1,
                    "distance": 1023,
                    "spread": 1023
                },
                "structures": {}
            }
        }
    }
}