{
    "type": "minecraft:entity",
    "pools": [
        {
            "rolls": 1,
            "conditions": [
                {
                    "condition": "minecraft:inverted",
                    "term": {
                        "condition": "minecraft:entity_properties",
                        "entity": "this",
                        "predicate": {
                            "nbt": "{Tags:[\"dream_angry_slime\"]}"
                        }
                    }
                }
            ],
            "entries": [
                {
                    "type": "minecraft:item",
                    "name": "minecraft:slime_ball",
                    "functions": [
                        {
                            "function": "minecraft:set_nbt",
                            "tag": "{CustomModelData:120001,display:{Name:'[{\"translate\":\"dream.item.name.blue_slime_ball\",\"italic\":false}]'},tag:{id:\"dreamland:blue_slime_ball\",isTemp: 0b}}"
                        },
                        {
                            "function": "minecraft:set_count",
                            "count": {
                                "max": 3,
                                "min": 1
                            }
                        }
                    ],
                    "conditions": [
                        {
                            "condition": "minecraft:random_chance",
                            "chance": 0.5
                        }
                    ]
                },
                {
                    "type": "minecraft:item",
                    "name": "minecraft:light_blue_dye",
                    "functions":[
                        {
                            "function": "minecraft:set_nbt",
                            "tag": "{CustomModelData:120004,display:{Name:'[{\"translate\":\"dream.item.name.slime_tear\",\"italic\":false}]'},tag:{id:\"dreamland:slime_tear\",isTemp: 0b}}"
                        }
                    ],
                    "conditions":[
                        {
                            "condition": "minecraft:random_chance",
                            "chance": 0.2
                        }
                    ]
                }
            ]
        }
    ]
}