{
    "type": "minecraft:entity",
    "pools": [
        {
            "rolls": 1,
            "entries": [
                {
                    "type": "item",
                    "name": "minecraft:light_blue_dye",
                    "functions": [
                        {
                            "function": "set_nbt",
                            "tag": "{CustomModelData:120005,display:{Name:'[{\"translate\":\"dream.item.name.dimension_core\",\"italic\":false}]'},tag:{id:\"dreamland:dimension_core\",isTemp: 0b}}"
                        }
                    ]
                }
            ],
            "conditions": [
                {
                    "condition": "minecraft:killed_by_player"
                },
                {
                    "condition": "minecraft:random_chance_with_looting",
                    "chance":1,
                    "looting_multiplier": 0.01
                }
            ]
        }
    ]
}