{
    "criteria": {
        "dreamland:plains":{
            "trigger": "minecraft:location",
            "conditions": {
                "location": {
                    "biome": "minecraft:plains"
                }
            }
        },
        "dreamland:desert":{
            "trigger": "minecraft:location",
            "conditions": {
                "location": {
                    "biome": "minecraft:desert"
                }
            }
        },
        "dreamland:river":{
            "trigger": "minecraft:location",
            "conditions": {
                "location": {
                    "biome": "minecraft:river"
                }
            }
        },
        "dreamland:ocean":{
            "trigger": "minecraft:location",
            "conditions": {
                "location": {
                    "biome": "minecraft:ocean"
                }
            }
        },
        "dreamland:forest":{
            "trigger": "minecraft:location",
            "conditions": {
                "location": {
                    "biome": "minecraft:forest"
                }
            }
        },
        "dreamland:beach":{
            "trigger": "minecraft:location",
            "conditions": {
                "location": {
                    "biome": "minecraft:beach"
                }
            }
        },
        "dreamland:badlands":{
            "trigger": "minecraft:location",
            "conditions": {
                "location": {
                    "biome": "minecraft:badlands"
                }
            }
        },
        "dreamland:jungle":{
            "trigger": "minecraft:location",
            "conditions": {
                "location": {
                    "biome": "minecraft:jungle"
                }
            }
        },
        "dreamland:taiga":{
            "trigger": "minecraft:location",
            "conditions": {
                "location": {
                    "biome": "minecraft:taiga"
                }
            }
        },
        "dreamland:mountains":{
            "trigger": "minecraft:location",
            "conditions": {
                "location": {
                    "biome": "minecraft:mountains"
                }
            }
        },
        "dreamland:savanna":{
            "trigger": "minecraft:location",
            "conditions": {
                "location": {
                    "biome": "minecraft:savanna"
                }
            }
        }
    },
    "requirements": [
        ["dreamland:plains"],
        ["dreamland:desert"],
        ["dreamland:river"],
        ["dreamland:ocean"],
        ["dreamland:forest"],
        ["dreamland:beach"],
        ["dreamland:badlands"],
        ["dreamland:jungle"],
        ["dreamland:taiga"],
        ["dreamland:mountains"],
        ["dreamland:savanna"]
    ],
    "rewards": {
        "function": "dream:other/getnaturalcrystal"
    }
}