{
    "precipitation": "rain",
    "category": "plains",
    "depth": 0.1,
    "scale": 0.2,
    "temperature": 0.65,
    "temperature_modifier": "none",
    "downfall": 0.2,
    "effects":{
        "sky_color": 13075199,
        "fog_color": 14000895,
        "foliage_color": 6434026,
        "grass_color": 10235114,
        "water_color":11226107,
        "water_fog_color": 6564756
    },
    "surface_builder": "dream:dream2",
    "carvers": {
        "air": [
            "minecraft:cave",
            "minecraft:canyon"
        ],
        "liquid": [
            "minecraft:cave"
        ]
    },
    "features": [
        [],
        [   
            "minecraft:lake_water"
        ],
        [],
        [],
        [],
        [],
        [
            "minecraft:ore_dirt",
            "minecraft:ore_gravel",
            "minecraft:ore_granite",
            "minecraft:ore_diorite",
            "minecraft:ore_andesite",
            "minecraft:ore_coal",
            "minecraft:ore_iron",
            "minecraft:ore_gold",
            "minecraft:ore_redstone",
            "minecraft:ore_diamond",
            "minecraft:ore_lapis",
            "minecraft:disk_sand",
            "minecraft:disk_clay",
            "minecraft:disk_gravel"
        ],
        [],
        [
            "minecraft:patch_tall_grass_2",
            "minecraft:plain_vegetation",
            "minecraft:patch_grass_plain"
        ],
        [
            "minecraft:freeze_top_layer"
        ]
    ],
    "starts": [
        
    ],
    "spawners": {
        "monster": [
            {
                "type": "minecraft:spider",
                "maxCount": 3,
                "minCount": 1,
                "weight":30
            },
            {
                "type":"minecraft:enderman",
                "maxCount": 3,
                "minCount": 2,
                "weight": 60
            }
        ],
        "creature": [
            {
                "type": "minecraft:bat",
                "weight": 100,
                "maxCount": 3,
                "minCount": 3
            }
        ]
    },
    "spawn_costs": {},
    "creature_spawn_probability": 1
}