{
    "precipitation": "rain",
    "category": "forest",
    "depth": 0.1,
    "scale": 0.2,
    "temperature": 0.9,
    "temperature_modifier": "none",
    "downfall": 0.9,
    "effects":{
        "sky_color": 16729156,
        "fog_color": 16609135,
        "foliage_color": 10557207,
        "grass_color": 11804447,
        "water_color":14755109,
        "water_fog_color": 9115415
    },
    "surface_builder": "dream:dream",
    "carvers": {
        "air": [
            "minecraft:cave"
        ],
        "liquid": [
            "minecraft:cave"
        ]
    },
    "features": [
        [],
        [   
            "minecraft:lake_lava"
        ],
        [],
        [
            "minecraft:monster_room"
        ],
        [],
        [],
        [
            "minecraft:ore_dirt",
            "minecraft:ore_gravel",
            "minecraft:ore_granite",
            "minecraft:ore_diorite",
            "minecraft:ore_andesite",
            "minecraft:ore_coal",
            "minecraft:ore_iron",
            "minecraft:ore_gold",
            "minecraft:ore_redstone",
            "minecraft:ore_diamond",
            "minecraft:ore_lapis",
            "minecraft:disk_sand",
            "minecraft:disk_clay",
            "minecraft:disk_gravel"
        ],
        [],
        [   
            "minecraft:birch_other",
            "minecraft:patch_grass_forest",
            "minecraft:brown_mushroom_normal",
            "minecraft:red_mushroom_normal",
            "minecraft:spring_lava"
        ],
        [
            "minecraft:freeze_top_layer"
        ]
    ],
    "starts": [
        
    ],
    "spawners": {
        "creature": [
            {
                "type": "minecraft:bat",
                "maxCount": 1,
                "minCount": 1,
                "weight": 100
            }
        ],
        "monster": [
            {
                "type": "minecraft:spider",
                "weight": 85,
                "minCount": 4,
                "maxCount": 4
            },
            {
                "type": "minecraft:zombie",
                "weight": 100,
                "minCount": 6,
                "maxCount": 9
            },
            {
                "type": "minecraft:zombie_villager",
                "weight": 10,
                "minCount": 2,
                "maxCount": 3
            },
            {
                "type": "minecraft:skeleton",
                "weight": 120,
                "minCount": 5,
                "maxCount": 8
            },
            {
                "type": "minecraft:creeper",
                "weight": 110,
                "minCount": 4,
                "maxCount": 6
            },
            {
                "type": "minecraft:enderman",
                "weight": 20,
                "minCount": 2,
                "maxCount": 4
            },
            {
                "type": "minecraft:witch",
                "weight": 40,
                "minCount": 2,
                "maxCount": 2
            }
        ]
    },
    "spawn_costs": {}
}