{
    "precipitation": "rain",
    "category": "forest",
    "depth": 0.1,
    "scale": 0.2,
    "temperature": 0.65,
    "temperature_modifier": "none",
    "downfall": 0.2,
    "effects":{
        "sky_color": 4714721,
        "fog_color": 9696749,
        "foliage_color": 2421382,
        "grass_color": 1962131,
        "water_color":2421463,
        "water_fog_color": 2085861
    },
    "surface_builder": "dream:dream",
    "carvers": {
        "air": [
            "minecraft:cave"
        ],
        "liquid": [
            "minecraft:cave"
        ]
    },
    "features": [
        [],
        [
            "minecraft:lake_water"
        ],
        [],
        [],
        [],
        [],
            [
            "minecraft:ore_dirt",
            "minecraft:ore_gravel",
            "minecraft:ore_granite",
            "minecraft:ore_diorite",
            "minecraft:ore_andesite",
            "minecraft:ore_coal",
            "minecraft:ore_iron",
            "minecraft:ore_gold",
            "minecraft:ore_redstone",
            "minecraft:ore_diamond",
            "minecraft:ore_lapis",
            "minecraft:disk_sand",
            "minecraft:disk_clay",
            "minecraft:disk_gravel"
        ],
        [
        ],
        [
            "minecraft:forest_flower_vegetation",
            "minecraft:birch_other",
            "minecraft:flower_default",
            "minecraft:patch_grass_forest",
            "minecraft:brown_mushroom_normal",
            "minecraft:red_mushroom_normal",
            "minecraft:patch_sugar_cane",
            "minecraft:patch_pumpkin",
            "minecraft:spring_water",
            "minecraft:spring_lava",
            "dream:sweetdream/slime_tree"
        ],
        [
            "minecraft:freeze_top_layer"
        ]
    ],
    "starts": [
        
    ],
    "spawners": {
        "creature": [
            {
                "type": "chicken",
                "weight": 10,
                "maxCount": 4,
                "minCount": 4
            },
            {
                "type": "sheep",
                "weight": 10,
                "maxCount": 4,
                "minCount": 4
            },
            {
                "type": "cow",
                "weight": 10,
                "maxCount": 4,
                "minCount": 4
            },
            {
                "type": "pig",
                "weight": 10,
                "maxCount": 4,
                "minCount": 4
            }
        ],
        "water_ambient": [],
        "monster": [
            {
                "type": "minecraft:slime",
                "weight": 2,
                "maxCount": 2,
                "minCount": 1
            }
        ]
    },
    "spawn_costs": {},
    "creature_spawn_probability": 1
}