{
    "precipitation": "rain",
    "category": "beach",
    "depth": 0.1,
    "scale": 0.2,
    "temperature": 0.65,
    "temperature_modifier": "none",
    "downfall": 0.2,
    "effects":{
        "sky_color": 16497629,
        "fog_color": 16764904,
        "foliage_color": 16614350,
        "grass_color": 16755400,
        "water_color":16751554,
        "water_fog_color": 16741290
    },
    "surface_builder": "dream:dream3",
    "carvers": {
        "air": [
            "minecraft:cave",
            "minecraft:canyon"
        ],
        "liquid": [
            "minecraft:cave"
        ]
    },
    "features": [
        [],
        [],
        [],
        [],
        [],
        [],
        [
            "minecraft:ore_dirt",
            "minecraft:ore_gravel",
            "minecraft:ore_granite",
            "minecraft:ore_diorite",
            "minecraft:ore_andesite",
            "minecraft:ore_coal",
            "minecraft:ore_iron",
            "minecraft:ore_gold",
            "minecraft:ore_redstone",
            "minecraft:ore_diamond",
            "minecraft:ore_lapis",
            "minecraft:disk_sand",
            "minecraft:disk_clay",
            "minecraft:disk_gravel"
        ],
        [],
        [],
        [
            "minecraft:freeze_top_layer"
        ]
    ],
    "starts": [
    ],
    "spawners": {
        "monster": [
            {
                "type": "minecraft:spider",
                "weight": 50,
                "minCount": 4,
                "maxCount": 4
            },
            {
                "type": "minecraft:zombie",
                "weight": 140,
                "minCount": 6,
                "maxCount": 10
            },
            {
                "type": "minecraft:skeleton",
                "weight": 140,
                "minCount": 4,
                "maxCount": 5
            },
            {
                "type": "minecraft:creeper",
                "weight": 150,
                "minCount": 5,
                "maxCount": 8
            },
            {
                "type": "minecraft:enderman",
                "weight": 12,
                "minCount": 1,
                "maxCount": 5
            },
            {
                "type": "minecraft:witch",
                "weight": 50,
                "minCount": 1,
                "maxCount": 3
            }
        ],
        "creature": [
            {
                "type": "minecraft:bat",
                "weight": 100,
                "maxCount": 3,
                "minCount": 3
            }
        ]
    },
    "spawn_costs": {},
    "creature_spawn_probability": 1
}