{
    "scale": 0.2,
    "effects": {
      "sky_color": 0,
      "fog_color": 10518688,
      "water_color": 11226107,
      "water_fog_color": 6564756
    },
    "surface_builder": "minecraft:end",
    "carvers": {},
    "features": [
      [],
      [],
      [],
      [],
      []
    ],
    "starts": [],
    "spawners": {
      "monster": [],
      "creature": [],
      "ambient": [],
      "water_creature": [],
      "water_ambient": [],
      "misc": []
    },
    "spawn_costs": {},
    "player_spawn_friendly": false,
    "precipitation": "none",
    "temperature": 0.5,
    "downfall": 0.5,
    "category": "the_end",
    "depth": 0.1
}
  