{
    "type": "tree",
    "config": {
        "dirt_provider":{
            "type":"minecraft:simple_state_provider",
            "state":{
                "Name":"minecraft:grass_block",
                "Properties":{
                    "snowy":"true"
                }
            }
        },
        "trunk_provider": {
            "type": "minecraft:simple_state_provider",
            "state": {
                "Name": "minecraft:green_stained_glass"
            }
        },
        "sapling_provider":{
            "type":"minecraft:simple_state_provider",
            "state":{
                "Name":"minecraft:grass_block",
                "Properties":{
                    "snowy":"true"
                }
            }
        },
        "foliage_provider": {
            "type": "minecraft:simple_state_provider",
            "state": {
                "Name": "minecraft:slime_block"
            }
        },
        "foliage_placer": {
            "type": "minecraft:blob_foliage_placer",
            "radius":3,
            "offset":3,
            "height": 3
        },
        "trunk_placer": {
            "type": "minecraft:straight_trunk_placer",
            "base_height": 5,
            "height_rand_a": 1,
            "height_rand_b": 1
        },
        "minimum_size": {
            "type": "minecraft:three_layers_feature_size"
        },
        "decorators": [
            {
                "type": "minecraft:alter_ground",
                "provider": {
                    "type": "minecraft:simple_state_provider",
                    "state": {
                        "Name": "minecraft:slime_block"
                    }
                }
            }
        ],
        "heightmap":"WORLD_SURFACE",
        "ignore_vines": true,
        "max_water_depth": 1
    }
}