{
    "display": {
        "icon": {
            "item": "minecraft:iron_ingot",
            "nbt": "{CustomModelData:120001}"
        },
        "title": {"translate":"dream.advancement.alpha.from_imagination.title"},
        "description": {"translate":"dream.advancement.alpha.from_imagination.disc"},
        "frame": "task"
    },
    "criteria": {
        "a":{
            "trigger": "minecraft:inventory_changed",
            "conditions": {
                "items": [
                    {
                        "items": ["iron_ingot"],
                        "nbt": "{CustomModelData:120001}"
                    }
                ]
            }
        }
    },
    "parent": "dream:alpha/made_in_dreamland"
}