{
    "display": {
        "icon": {
            "item": "minecraft:carrot_on_a_stick",
            "nbt": "{CustomModelData:120003}"
        },
        "title": {"translate":"dream.advancement.alpha.made_in_dreamland.title"},
        "description": {"translate":"dream.advancement.alpha.made_in_dreamland.disc"},
        "frame": "task"
    },
    "criteria": {
        "a":{
            "trigger": "minecraft:inventory_changed",
            "conditions": {
                "items": [
                    {
                        "items": ["minecraft:carrot_on_a_stick"],
                        "nbt": "{CustomModelData:120003}"
                    }
                ]
            }
        }
    },
    "parent": "dream:alpha/goodnight"
}